nombre;id;contrasena;dependencia;correo
Luis Orbegoso;luis00;luis123;Estudios Generales;luis00@gmail.com
Jon Snow;jon00;jon123;DUIS;jon00@gmail.com
Marie Curie;marie00;marie123;Administracion;marie00@gmail.com
Margot Robbie;margot00;margot123;Innova Ulima;margot00@gmail.com
Virginia Wolf;virginia00;virginia123;IDIC;virginia00@gmail.com
Margaret Hamilton;margaret00;margaret123;CREA;margaret00@gmail.com
Elon Musk;elon00;elon123;Idiomas;elon00@gmail.com
Jorge;jorge00;jorge123;Escuela Posgrado;jorge00@gmail.com
