nombre;id;contrasena;tipo;dependencia;bandeja;correo
Luis Orbegoso;luis00;luis123;Personal;Estudios Generales;;luis00@gmail.com
Jon Snow;jon00;jon123;Personal;DUIS;7>9;jon00@gmail.com
Marie Curie;marie00;marie123;Personal;Administracion;;marie00@gmail.com
Margot Robbie;margot00;margot123;Personal;Innova Ulima;;margot00@gmail.com
Virginia Wolf;virginia00;virginia123;Personal;IDIC;;virginia00@gmail.com
Margaret Hamilton;margaret00;margaret123;Personal;CREA;;margaret00@gmail.com
Mateo Melendez;mateo00;mateo123;Personal;Contabilidad;8>10;mateo00@gmail.com
Elon Musk;elon00;elon123;Personal;Idiomas;4>6;elon00@gmail.com
